2019,01,21,19,35,26.521681, 784.471496232, 1225.37506022,-7015.26593674
2019,01,21,19,35,56.521681, 837.935994004, 1437.26808269,-6968.69974874
2019,01,21,19,36,26.521681, 890.587097088, 1647.76592802,-6915.3514688
2019,01,21,19,36,56.521681, 942.373677385, 1856.66437962,-6855.27224955
2019,01,21,19,37,26.521681, 993.245216835, 2063.75987089,-6788.51997065
2019,01,21,19,37,56.521681, 1043.15227192, 2268.85135751,-6715.15870575
2019,01,21,19,38,26.521681, 1092.04624166, 2471.73938422,-6635.25898068
2019,01,21,19,38,56.521681, 1139.87948403, 2672.22655469,-6548.89763643
2019,01,21,19,39,26.521681, 1186.6053616,  2870.11771889,-6456.15776271
2019,01,21,19,39,56.521681, 1232.17828638, 3065.22015895,-6357.12862562
2019,01,21,19,40,26.521681, 1276.55376397, 3257.34377337,-6251.9055898
2019,01,21,19,40,56.521681, 1319.68843671, 3446.30125949,-6140.59003483
2019,01,21,19,41,26.521681, 1361.54012611, 3631.908294,  -6023.28926602
2019,01,21,19,41,56.521681, 1402.06787423, 3813.98371137,-5900.11641947
2019,01,21,19,42,26.521681, 1441.2319842,  3992.34968002,-5771.19036158
2019,01,21,19,42,56.521681, 1478.99405959, 4166.83187605,-5636.63558293
2019,01,21,19,43,26.521681, 1515.3170429,  4337.25965436,-5496.58208658
2019,01,21,19,43,56.521681, 1550.16525277, 4503.46621698,-5351.16527084
2019,01,21,19,44,26.521681, 1583.50442019, 4665.28877846,-5200.52580651
2019,01,21,19,44,56.521681, 1615.30172342, 4822.56872809,-5044.80950874
2019,01,21,19,45,26.521681, 1645.52582172, 4975.15178878,-4884.16720344
2019,01,21,19,45,56.521681, 1674.14688778, 5122.88817241,-4718.75458841
2019,01,21,19,46,26.521681, 1701.13663883, 5265.6327315, -4548.73208922
2019,01,21,19,46,56.521681, 1726.46836631, 5403.24510689,-4374.26470991
2019,01,21,19,47,26.521681, 1750.11696425, 5535.5898714, -4195.52187866
2019,01,21,19,47,56.521681, 1772.05898432, 5662.5368357, -4012.67704059
2019,01,21,19,48,26.521681, 1792.27254571, 5783.96050935,-3825.90848
2019,01,21,19,48,56.521681, 1810.73753555, 5899.74125273,-3635.39767988
2019,01,21,19,49,26.521681, 1827.43551102, 6009.76471382,-3441.33012407
2019,01,21,19,49,56.521681, 1842.34975046, 6113.92212236,-3243.89487687
2019,01,21,19,50,26.521681, 1855.46527219, 6212.11040475,-3043.28440088
2019,01,21,19,50,56.521681, 1866.76885169, 6304.23229361,-2839.69437071
2019,01,21,19,51,26.521681, 1876.24903698, 6390.19643173,-2633.32348274
2019,01,21,19,51,56.521681, 1883.8961622,  6469.91747017,-2424.37326117
2019,01,21,19,52,26.521681, 1889.70235942, 6543.31616055,-2213.04786052
2019,01,21,19,52,56.521681, 1893.66156861, 6610.3194411, -1999.55386471
2019,01,21,19,53,26.521681, 1895.76954566, 6670.86051659,-1784.10008315
2019,01,21,19,53,56.521681, 1896.02386864, 6724.87893184,-1566.89734377
2019,01,21,19,54,26.521681, 1894.42394205, 6772.32063866,-1348.15828353
2019,01,21,19,54,56.521681, 1890.97099915, 6813.13805621,-1128.09713642
2019,01,21,19,55,26.521681, 1885.66810242, 6847.29012463,-906.929519303
2019,01,21,19,55,56.521681, 1878.52014199, 6874.74235173,-684.872215864
2019,01,21,19,56,26.521681, 1869.53383213, 6895.46685283,-462.142958872
2019,01,21,19,56,56.521681, 1858.71770581, 6909.44238353,-238.960211073
2019,01,21,19,57,26.521681, 1846.08210726, 6916.65436541,-15.5429449675
2019,01,21,19,57,56.521681, 1831.63918261, 6917.09490457, 207.889578259
2019,01,21,19,58,26.521681, 1815.40286853, 6910.76280302, 431.118030363
2019,01,21,19,58,56.521681, 1797.38887893, 6897.66356281, 653.923237951
2019,01,21,19,59,26.521681, 1777.61466211, 6877.80935185, 876.086701798
2019,01,21,19,59,56.521681, 1756.09949207, 6851.21910916, 1097.38962751
2019,01,21,20,00,26.521681, 1732.86429032, 6817.91836756, 1317.61493467
2019,01,21,20,00,56.521681, 1707.9317088,  6777.93932642, 1536.54628407
2019,01,21,20,01,26.521681, 1681.32608177, 6731.32079768, 1753.96859522
2019,01,21,20,01,56.521681, 1653.07340134, 6678.10816684, 1969.66826401
2019,01,21,20,02,26.521681, 1623.20129118, 6618.35334694, 2183.43337871
2019,01,21,20,02,56.521681, 1591.73897844, 6552.11472552, 2395.05393405
2019,01,21,20,03,26.521681, 1558.71726409, 6479.45710469, 2604.32204304
2019,01,21,20,03,56.521681, 1524.16849151, 6400.4516344,  2811.03214637
2019,01,21,20,04,26.521681, 1488.12651352, 6315.17573906, 3014.98121912
2019,01,21,20,04,56.521681, 1450.62665781, 6223.71303751, 3215.96897443
2019,01,21,20,05,26.521681, 1411.70569088, 6126.15325661, 3413.79806408
2019,01,21,20,05,56.521681, 1371.40178054, 6022.59213848, 3608.2742756
2019,01,21,20,06,26.521681, 1329.75445692, 5913.13134156, 3799.20672573
2019,01,21,20,06,56.521681, 1286.80457225, 5797.8783357,  3986.40805012
2019,01,21,20,07,26.521681, 1242.5942592,  5676.94629138, 4169.69458888
2019,01,21,20,07,56.521681, 1197.16688808, 5550.4539632,  4348.88656798
2019,01,21,20,08,26.521681, 1150.5670228,  5418.5255679,  4523.80827622
2019,01,21,20,08,56.521681, 1102.84037575, 5281.29065701, 4694.2882376
2019,01,21,20,09,26.521681, 1054.03376151, 5138.88398437, 4860.15937898
2019,01,21,20,09,56.521681, 1004.19504972, 4991.44536867, 5021.25919282
2019,01,21,20,10,26.521681, 953.373047991, 4839.11934365, 5177.43010103
2019,01,21,20,10,56.521681, 901.617726886, 4682.05583505, 5328.51877631
2019,01,21,20,11,26.521681, 848.979760906, 4520.40878326, 5474.37754645
2019,01,21,20,11,56.521681, 795.510749222, 4354.33679877, 5614.86369163
2019,01,21,20,12,26.521681, 741.263096759, 4184.00280157, 5749.83979366
2019,01,21,20,12,56.521681, 686.289962137, 4009.57385788, 5879.17386683
2019,01,21,20,13,26.521681, 630.645205011, 3831.22101322, 6002.73948315
2019,01,21,20,13,56.521681, 574.38333286,  3649.11912201, 6120.41589186
2019,01,21,20,14,26.521681, 517.55944729,  3463.44667398, 6232.08813311
2019,01,21,20,14,56.521681, 460.229189892, 3274.38561746, 6337.64714583
2019,01,21,20,15,26.521681, 402.448687721, 3082.12117985, 6436.98986968
2019,01,21,20,15,56.521681, 344.274498436, 2886.84168535, 6530.01934108
2019,01,21,20,16,26.521681, 285.763555165, 2688.73837017, 6616.64478321
2019,01,21,20,16,56.521681, 226.973111124, 2488.00519549, 6696.78169007
2019,01,21,20,17,26.521681, 167.960684064, 2284.83865817, 6770.35190439
2019,01,21,20,17,56.521681, 108.784000571, 2079.4375995,  6837.2836896
2019,01,21,20,18,26.521681, 49.5009402809, 1872.00301216, 6897.51179562
2019,01,21,20,18,56.521681,-9.83051996294, 1662.73784544, 6950.97751857
2019,01,21,20,19,26.521681,-69.1523619421, 1451.84680911, 6997.62875441
2019,01,21,20,19,56.521681,-128.406581865, 1239.53617578, 7037.42004639
2019,01,21,20,20,26.521681,-187.53524608,  1026.01358223, 7070.31262641
2019,01,21,20,20,56.521681,-246.480546672, 811.487829633, 7096.27445025
2019,01,21,20,21,26.521681,-305.184856882, 596.168682947, 7115.28022661
2019,01,21,20,21,56.521681,-363.590864444, 380.266379688, 7127.31145151
2019,01,21,20,22,26.521681,-421.641313618, 163.992587075, 7132.35636987
2019,01,21,20,22,56.521681,-479.279529987,-52.4415380594, 7130.41008297
2019,01,21,20,23,26.521681,-536.449161008,-268.824394147, 7121.474479
2019,01,21,20,23,56.521681,-593.094308572,-484.944426845, 7105.55825221
2019,01,21,20,24,26.521681,-649.159582596,-700.590331781, 7082.67689508
2019,01,21,20,24,56.521681,-704.590154203,-915.55125716,  7052.8526843
2019,01,21,20,25,26.521681,-759.331808394,-1129.61700602, 7016.11466071
2019,01,21,20,25,56.521681,-813.330996221,-1342.5782381,  6972.49860294
2019,01,21,20,26,26.521681,-866.534886393,-1554.226671,   6922.04699504
2019,01,21,20,26,56.521681,-918.891416286,-1764.35528075, 6864.8089879
2019,01,21,20,27,26.521681,-970.349342308,-1972.75850127, 6800.84035453
2019,01,21,20,27,56.521681,-1020.85828959,-2179.23242297, 6730.20343923
2019,01,21,20,28,26.521681,-1070.36880096,-2383.57498994, 6652.96710067
2019,01,21,20,28,56.521681,-1118.83238513,-2585.58619592, 6569.20664876
2019,01,21,20,29,26.521681,-1166.20156409,-2785.06827859, 6479.00377555
2019,01,21,20,29,56.521681,-1212.42991967,-2981.82591225, 6382.44647997
2019,01,21,20,30,26.521681,-1257.47213916,-3175.66639855, 6279.62898652
2019,01,21,20,30,56.521681,-1301.28406006,-3366.39985517, 6170.65165797
2019,01,21,20,31,26.521681,-1343.82271374,-3553.83940228, 6055.62090203
2019,01,21,20,31,56.521681,-1385.04636818,-3737.80134659, 5934.64907203
2019,01,21,20,32,26.521681,-1424.91456956,-3918.10536277, 5807.85436175
2019,01,21,20,32,56.521681,-1463.38823341,-4094.57490611, 5675.36051284
2019,01,21,20,33,26.521681,-1500.42947936,-4267.03644666, 5537.29741634
2019,01,21,20,33,56.521681,-1536.00197897,-4435.32106205, 5393.79992362
2019,01,21,20,34,26.521681,-1570.07078416,-4599.26365457, 5245.00842135
2019,01,21,20,34,56.521681,-1602.60241532,-4758.70335604, 5091.06852358
2019,01,21,20,35,26.521681,-1633.56489546,-4913.48368965, 4932.13093225
2019,01,21,20,35,56.521681,-1662.92778297,-5063.45272781, 4768.35129227
2019,01,21,20,36,26.521681,-1690.66220291,-5208.46324596, 4599.89004127
2019,01,21,20,36,56.521681,-1716.74087681,-5348.37287192, 4426.91225408
2019,01,21,20,37,26.521681,-1741.13815096,-5483.04423076, 4249.58748219
2019,01,21,20,37,56.521681,-1763.83002306,-5612.34508496, 4068.08958826
2019,01,21,20,38,26.521681,-1784.79416729,-5736.1484696,  3882.59657576
2019,01,21,20,38,56.521681,-1804.00995773,-5854.33282246, 3693.29041398
2019,01,21,20,39,26.521681,-1821.45848996,-5966.78210881, 3500.35685861
2019,01,21,20,39,56.521681,-1837.12260109,-6073.38594078, 3303.9852679
2019,01,21,20,40,26.521681,-1850.98688786,-6174.03969097, 3104.36841477
2019,01,21,20,40,56.521681,-1863.03772305,-6268.64460038, 2901.70229497
2019,01,21,20,41,26.521681,-1873.26326996,-6357.10788021, 2696.18593146
2019,01,21,20,41,56.521681,-1881.65349507,-6439.34280764, 2488.02117534
2019,01,21,20,42,26.521681,-1888.20017879,-6515.26881528, 2277.41250343
2019,01,21,20,42,56.521681,-1892.89692433,-6584.81157414, 2064.56681287
2019,01,21,20,43,26.521681,-1895.73916459,-6647.90307016, 1849.69321276
2019,01,21,20,43,56.521681,-1896.72416713,-6704.48167397, 1633.00281338
2019,01,21,20,44,26.521681,-1895.85103475,-6754.49226657, 1414.70821924
2019,01,21,20,44,56.521681,-1893.12071371,-6797.88603596, 1195.02448705
2019,01,21,20,45,26.521681,-1888.53598574,-6834.62092883, 974.167151749
2019,01,21,20,45,56.521681,-1882.10146732,-6864.66141553, 752.353177151
2019,01,21,20,46,26.521681,-1873.82360483,-6887.97859654, 529.800444378
2019,01,21,20,46,56.521681,-1863.71066772,-6904.55023035, 306.727531094
2019,01,21,20,47,26.521681,-1851.7727396, -6914.36075411, 83.3534900226
2019,01,21,20,47,56.521681,-1838.0217075, -6917.40129708,-140.102372943
2019,01,21,20,48,26.521681,-1822.47124907,-6913.66968687,-363.420720756
2019,01,21,20,48,56.521681,-1805.13681801,-6903.17044836,-586.382407075
2019,01,21,20,49,26.521681,-1786.03562744,-6885.91479556,-808.768697689
2019,01,21,20,49,56.521681,-1765.18663147,-6861.9206161, -1030.36149123
2019,01,21,20,50,26.521681,-1742.610505,  -6831.21244872,-1250.94353887
2019,01,21,20,50,56.521681,-1718.32962154,-6793.82145358,-1470.29866278
2019,01,21,20,51,26.521681,-1692.36802942,-6749.78537558,-1688.21197303
2019,01,21,20,51,56.521681,-1664.75142615,-6699.14850067,-1904.47008269
2019,01,21,20,52,26.521681,-1635.50713111,-6641.9616054, -2118.86132085
2019,01,21,20,52,56.521681,-1604.66405661,-6578.28189957,-2331.17594335
2019,01,21,20,53,26.521681,-1572.25267731,-6508.17296232,-2541.20634098
2019,01,21,20,53,56.521681,-1538.30499806,-6431.70467164,-2748.74724475
2019,01,21,20,54,26.521681,-1502.8545203, -6348.9531275, -2953.5959283
2019,01,21,20,54,56.521681,-1465.9362069, -6260.00056867,-3155.55240693
2019,01,21,20,55,26.521681,-1427.58639326,-6164.93515193,-3354.41989779
2019,01,21,20,55,56.521681,-1387.84295711,-6063.85137498,-3550.0039491
2019,01,21,20,56,26.521681,-1346.74497066,-5956.84921029,-3742.11422883
2019,01,21,20,56,56.521681,-1304.33286402,-5844.03450028,-3930.56363755
2019,01,21,20,57,26.521681,-1260.64833312,-5725.51872181,-4115.168757
2019,01,21,20,57,56.521681,-1215.73429696,-5601.4188687, -4295.75002565
2019,01,21,20,58,26.521681,-1169.63485383,-5471.85732922,-4472.13190955
2019,01,21,20,58,56.521681,-1122.39523645,-5336.96175859,-4644.14306867
2019,01,21,20,59,26.521681,-1074.0617662, -5196.86494681,-4811.61651836
2019,01,21,20,59,56.521681,-1024.68180647,-5051.70468193,-4974.38978589
2019,01,21,21,00,26.521681,-974.303715155,-4901.6236089, -5132.30506203
2019,01,21,21,00,56.521681,-922.976796317,-4746.76908439,-5285.20934746
2019,01,21,21,01,26.521681,-870.751251229,-4587.29302751,-5432.95459397
2019,01,21,21,01,56.521681,-817.678128668,-4423.35176681,-5575.39784039
2019,01,21,21,02,26.521681,-763.809274626,-4255.10588367,-5712.40134314
2019,01,21,21,02,56.521681,-709.197281467,-4082.72005232,-5843.83270137
2019,01,21,21,03,26.521681,-653.895436561,-3906.36287655,-5969.56497659
2019,01,21,21,03,56.521681,-597.957670479,-3726.20672349,-6089.47680684
2019,01,21,21,04,26.521681,-541.438504779,-3542.42755444,-6203.45251522
2019,01,21,21,04,56.521681,-484.392999428,-3355.20475305,-6311.38221289
2019,01,21,21,05,26.521681,-426.876699931,-3164.72095099,-6413.16189638
2019,01,21,21,05,56.521681,-368.945584186,-2971.16185124,-6508.69353932
2019,01,21,21,06,26.521681,-310.656009129,-2774.71604926,-6597.88517848
2019,01,21,21,06,56.521681,-252.064578445,-2575.57458324,-6680.65110078
2019,01,21,21,07,26.521681,-193.228403635,-2373.93182331,-6756.91148262
2019,01,21,21,07,56.521681,-134.204578678,-2169.98368423,-6826.59312502
2019,01,21,21,08,26.521681,-75.0504402206,-1963.9285043, -6889.62906422
2019,01,21,21,08,56.521681,-15.8234353665,-1755.96659254,-6945.95874463
2019,01,21,21,09,26.521681, 43.4189321234,-1546.30003994,-6995.52807082
2019,01,21,21,09,56.521681, 102.61915557, -1335.13252949,-7038.28945376
2019,01,21,21,10,26.521681, 161.719779022,-1122.66914526,-7074.20185148
2019,01,21,21,10,56.521681, 220.663450779,-909.116180457,-7103.23080396
2019,01,21,21,11,26.521681, 279.392976743,-694.680944892,-7125.34846244
2019,01,21,21,11,56.521681, 337.851373588,-479.571571656,-7140.533613
2019,01,21,21,12,26.521681, 395.9819217,  -263.996823303,-7148.77169457
2019,01,21,21,12,56.521681, 453.728217855,-48.1658976753,-7150.05481119
2019,01,21,21,13,26.521681, 511.034227616, 167.711766601,-7144.38173869
2019,01,21,21,13,56.521681, 567.844337402, 383.42668478, -7131.75792572
2019,01,21,21,14,26.521681, 624.103406211, 598.769520714,-7112.19548907
2019,01,21,21,14,56.521681, 679.756816963, 813.531281512,-7085.7132034
2019,01,21,21,15,26.521681, 734.750527412, 1027.50351197,-7052.33648531
2019,01,21,21,15,56.521681, 789.031120637, 1240.47848879,-7012.09737175
2019,01,21,21,16,26.521681, 842.545855032, 1452.24941427,-6965.03449277
2019,01,21,21,16,56.521681, 895.242713794, 1662.61060955,-6911.1930386
2019,01,21,21,17,26.521681, 947.070453868, 1871.3577071, -6850.62472109
2019,01,21,21,17,56.521681, 997.978721935, 2078.28811867,-6783.38763485
2019,01,21,21,18,26.521681, 1047.9178303,  2283.20011843,-6709.54657695
2019,01,21,21,18,56.521681, 1096.8392137,  2485.89469823,-6629.17245021
2019,01,21,21,19,26.521681, 1144.69520135, 2686.17464326,-6542.34255373
2019,01,21,21,19,56.521681, 1191.43913148, 2883.84499812,-6449.14043021
2019,01,21,21,20,26.521681, 1237.02539629, 3078.71325249,-6349.65579333
2019,01,21,21,20,56.521681, 1281.40948603, 3270.5895252, -6243.9844494
2019,01,21,21,21,26.521681, 1324.5480323,  3459.2867466, -6132.22821341
2019,01,21,21,21,56.521681, 1366.3988504,  3644.62083884,-6014.49481934
2019,01,21,21,22,26.521681, 1406.92098081, 3826.41089416,-5890.89782487
2019,01,21,21,22,56.521681, 1446.07472968, 4004.47935084,-5761.55651045
2019,01,21,21,23,26.521681, 1483.82170824, 4178.65216676,-5626.59577281
2019,01,21,21,23,56.521681, 1520.12487127, 4348.75899026,-5486.14601279
2019,01,21,21,24,26.521681, 1554.94855437, 4514.63332831,-5340.34301775
2019,01,21,21,24,56.521681, 1588.25851009, 4676.11271161,-5189.32783845
2019,01,21,21,25,26.521681, 1620.02194293, 4833.03885656,-5033.24666041
2019,01,21,21,25,56.521681, 1650.20754299, 4985.25782389,-4872.25067005
2019,01,21,21,26,26.521681, 1678.7855184,  5132.62017374,-4706.49591535
2019,01,21,21,26,56.521681, 1705.72762644, 5274.98111701,-4536.14316136
2019,01,21,21,27,26.521681, 1731.00720318, 5412.20066274,-4361.35774058
2019,01,21,21,27,56.521681, 1754.59919176, 5544.14376147,-4182.30939821
2019,01,21,21,28,26.521681, 1776.4801692,  5670.6804442, -3999.17213248
2019,01,21,21,28,56.521681, 1796.62837168, 5791.68595685,-3812.12403018
2019,01,21,21,29,26.521681, 1815.02374172, 5907.04104096,-3621.34683918
2019,01,21,21,29,56.521681, 1831.64785394, 6016.63144728,-3427.02682307
2019,01,21,21,30,26.521681, 1846.48408367, 6120.34898405,-3229.35304747
2019,01,21,21,30,56.521681, 1859.51752456, 6218.09100503,-3028.51821629
2019,01,21,21,31,26.521681, 1870.7350316,  6309.76067708,-2824.71823169
2019,01,21,21,31,56.521681, 1880.12523637, 6395.2670837, -2618.15200365
2019,01,21,21,32,26.521681, 1887.67856059, 6474.52532276,-2409.02125567
2019,01,21,21,32,56.521681, 1893.3872278,  6547.45659824,-2197.53032702
2019,01,21,21,33,26.521681, 1897.24527325, 6613.98830594,-1983.88597167
2019,01,21,21,33,56.521681, 1899.24855188, 6674.05411287,-1768.29715403
2019,01,21,21,34,26.521681, 1899.39474438, 6727.59403032,-1550.97484189
2019,01,21,21,34,56.521681, 1897.68336139, 6774.55448028,-1332.13179668
2019,01,21,21,35,26.521681, 1894.11574575, 6814.88835539,-1111.98236131
2019,01,21,21,35,56.521681, 1888.69507276, 6848.55507198,-890.742245854
2019,01,21,21,36,26.521681, 1881.42634857, 6875.52061633,-668.628311399
2019,01,21,21,36,56.521681, 1872.31640651, 6895.75758397,-445.85835216
2019,01,21,21,37,26.521681, 1861.37390152, 6909.24521193,-222.650876301
2019,01,21,21,37,56.521681, 1848.60930261, 6915.96940395, 0.775114377708
2019,01,21,21,38,26.521681, 1834.03488332, 6915.92274849, 224.20034555
2019,01,21,21,38,56.521681, 1817.66471024, 6909.10452959, 447.40549203
2019,01,21,21,39,26.521681, 1799.51462964, 6895.52073051, 670.17139969
2019,01,21,21,39,56.521681, 1779.60225204, 6875.18403015, 892.279307356
2019,01,21,21,40,26.521681, 1757.94690482, 6848.11375139, 1113.51136441
2019,01,21,21,40,56.521681, 1734.56973154, 6814.33599736, 1333.64966614
2019,01,21,21,41,26.521681, 1709.49349663, 6773.88340828, 1552.47825449
2019,01,21,21,41,56.521681, 1682.74267642, 6726.79526532, 1769.78214874
2019,01,21,21,42,26.521681, 1654.34340652, 6673.11741928, 1985.3478604
2019,01,21,21,42,56.521681, 1624.32345548, 6612.90224409, 2198.9636091
2019,01,21,21,43,26.521681, 1592.71219653, 6546.20858322, 2410.41953647
2019,01,21,21,43,56.521681, 1559.54057773, 6473.10168935, 2619.50791785
2019,01,21,21,44,26.521681, 1524.84109045, 6393.6531571,  2826.02337147
2019,01,21,21,44,56.521681, 1488.64773621, 6307.94084918, 3029.76306495
2019,01,21,21,45,26.521681, 1450.99599199, 6216.04881592, 3230.52691877
2019,01,21,21,45,56.521681, 1411.92277401, 6118.06720843, 3428.11780659
2019,01,21,21,46,26.521681, 1371.46640005, 6014.09218534, 3622.34175211
2019,01,21,21,46,56.521681, 1329.66655036, 5904.22581351, 3813.00812229
2019,01,21,21,47,26.521681, 1286.56422719, 5788.57596267, 3999.92981667
2019,01,21,21,47,56.521681, 1242.20171311, 5667.25619419, 4182.92345273
2019,01,21,21,48,26.521681, 1196.62252797, 5540.38564425, 4361.80954693
2019,01,21,21,48,56.521681, 1149.87138474, 5408.08890148, 4536.41269132
2019,01,21,21,49,26.521681, 1101.99414423, 5270.49587919, 4706.56172561
2019,01,21,21,49,56.521681, 1053.0377687,  5127.74168262, 4872.08990447
2019,01,21,21,50,26.521681, 1003.05027453, 4979.96647106, 5032.83505992
2019,01,21,21,50,56.521681, 952.080683819, 4827.31531529, 5188.6397587
2019,01,21,21,51,26.521681, 900.178975262, 4669.93805047, 5339.35145446
2019,01,21,21,51,56.521681, 847.395962684, 4507.98890433, 5484.82282621
2019,01,21,21,52,26.521681, 793.783528596, 4341.62721645, 5624.91114646
2019,01,21,21,52,56.521681, 739.394147825, 4171.01597498, 5759.47958814
2019,01,21,21,53,26.521681, 684.281117379, 3996.322516,   5888.3965674
2019,01,21,21,53,56.521681, 628.498433445, 3817.71814219, 6011.53606708
2019,01,21,21,54,26.521681, 572.100738056, 3635.37795225, 6128.77775578
2019,01,21,21,54,56.521681, 515.14326527,  3449.48066701, 6240.00710114
2019,01,21,21,55,26.521681, 457.681786909, 3260.20845266, 6345.11547727
2019,01,21,21,55,56.521681, 399.772557916, 3067.74674091, 6444.00026625
2019,01,21,21,56,26.521681, 341.472261386, 2872.28404665, 6536.56495373
2019,01,21,21,56,56.521681, 282.837953308, 2674.01178298, 6622.71921854
2019,01,21,21,57,26.521681, 223.927007081, 2473.12407404, 6702.3790162
2019,01,21,21,57,56.521681, 164.797057852, 2269.81756556, 6775.4666565
2019,01,21,21,58,26.521681, 105.505946704, 2064.29123353, 6841.91087495
2019,01,21,21,58,56.521681, 46.1116647722, 1856.74619107, 6901.64689815
2019,01,21,21,59,26.521681,-13.3277027005, 1647.38549353, 6954.61650305
2019,01,21,21,59,56.521681,-72.7540322953, 1436.41394231, 7000.76807015
2019,01,21,22,00,26.521681,-132.109218315, 1224.03788715, 7040.05663046
2019,01,21,22,00,56.521681,-191.335228592, 1010.46502738, 7072.44390647
2019,01,21,22,01,26.521681,-250.374160175, 795.904212165, 7097.89834688
2019,01,21,22,01,56.521681,-309.168294838, 580.565239781, 7116.39515521
2019,01,21,22,02,26.521681,-367.660154397, 364.65865629,  7127.91631228
2019,01,21,22,02,56.521681,-425.792633458, 148.395263436, 7132.45059396
2019,01,21,22,03,26.521681,-483.508742815,-68.0129230653, 7129.99356632
2019,01,21,22,03,56.521681,-540.752131787,-284.354616747, 7120.54762622
2019,01,21,22,04,26.521681,-597.466829874,-500.418303148, 7104.12196542
2019,01,21,22,04,56.521681,-653.597378654,-715.99273236,  7080.7325731
2019,01,21,22,05,26.521681,-709.088885018,-930.867121595, 7050.40222141
2019,01,21,22,05,56.521681,-763.88707392, -1144.83135739, 7013.16044489
2019,01,21,22,06,26.521681,-817.938340605,-1357.67619737, 6969.04351372
2019,01,21,22,06,56.521681,-871.189802277,-1569.19347141, 6918.09440089
2019,01,21,22,07,26.521681,-923.589349165,-1779.17628203, 6860.36274312
2019,01,21,22,07,56.521681,-975.085694944,-1987.41920383, 6795.90479575
2019,01,21,22,08,26.521681,-1025.62842647,-2193.7184819,  6724.78338146
2019,01,21,22,08,56.521681,-1075.16805281,-2397.87222897, 6647.06783281
2019,01,21,22,09,26.521681,-1123.65605344,-2599.6806212,  6562.8339288
2019,01,21,22,09,56.521681,-1171.04492573,-2798.94609233, 6472.16382522
2019,01,21,22,10,26.521681,-1217.28823149,-2995.4735262,  6375.14597896
2019,01,21,22,10,56.521681,-1262.34064265,-3189.07044734, 6271.87506631
2019,01,21,22,11,26.521681,-1306.157986,  -3379.54720941, 6162.45189516
2019,01,21,22,11,56.521681,-1348.69728693,-3566.71718154, 6046.98331126
2019,01,21,22,12,26.521681,-1389.91681211,-3750.39693211, 5925.58209846
2019,01,21,22,12,56.521681,-1429.77611116,-3930.40640997, 5798.3668731
2019,01,21,22,13,26.521681,-1468.23605712,-4106.56912287, 5665.46197245
2019,01,21,22,13,56.521681,-1505.25888576,-4278.71231285, 5526.99733742
2019,01,21,22,14,26.521681,-1540.80828033,-4446.66735091, 5383.10819288
2019,01,21,22,14,56.521681,-1574.84921972,-4610.26901043, 5233.93569807
2019,01,21,22,15,26.521681,-1607.34830001,-4769.35698427, 5079.62565414
2019,01,21,22,15,56.521681,-1638.27357592,-4923.7751395,  4920.32912908
2019,01,21,22,16,26.521681,-1667.59464218,-5073.37190302, 4756.20212295
2019,01,21,22,16,56.521681,-1695.28266485,-5218.00041496, 4587.40541733
2019,01,21,22,17,26.521681,-1721.31041104,-5357.51867781, 4414.10441941
2019,01,21,22,17,56.521681,-1745.65227716,-5491.78970084, 4236.46900106
2019,01,21,22,18,26.521681,-1768.28431555,-5620.68163994, 4054.67333299
2019,01,21,22,18,56.521681,-1789.18425946,-5744.0679324,  3868.89571407
2019,01,21,22,19,26.521681,-1808.33154641,-5861.82742661, 3679.31839598
2019,01,21,22,19,56.521681,-1825.70733981,-5973.84450649, 3486.12740349
2019,01,21,22,20,26.521681,-1841.29454882,-6080.0092104,  3289.5123503
2019,01,21,22,20,56.521681,-1855.07784642,-6180.21734432, 3089.66625084
2019,01,21,22,21,26.521681,-1867.04368572,-6274.37058933, 2886.78532818
2019,01,21,22,21,56.521681,-1877.18031441,-6362.37660301, 2681.06881816
2019,01,21,22,22,26.521681,-1885.47778726,-6444.14911469, 2472.71877002
2019,01,21,22,22,56.521681,-1891.92797683,-6519.60801445, 2261.93984383
2019,01,21,22,23,26.521681,-1896.52458221,-6588.67943566, 2048.93910477
2019,01,21,22,23,56.521681,-1899.2631358, -6651.29583094, 1833.9258147
2019,01,21,22,24,26.521681,-1900.14100822,-6707.39604146, 1617.11122108
2019,01,21,22,24,56.521681,-1899.15741115,-6756.9253595,  1398.70834369
2019,01,21,22,25,26.521681,-1896.3133932, -6799.8356371,  1178.93146365
2019,01,21,22,25,56.521681,-1891.61185659,-6836.08511341, 957.997087145
2019,01,21,22,26,26.521681,-1885.05753123,-6865.6388017,  736.121957852
2019,01,21,22,26,56.521681,-1876.65698245,-6888.46828467, 513.524014549
2019,01,21,22,27,26.521681,-1866.4186014, -6904.55180382, 290.421876379
2019,01,21,22,27,56.521681,-1854.3525961, -6913.87427956, 67.0346213444
2019,01,21,22,28,26.521681,-1840.47098049,-6916.42732416,-156.418435601
2019,01,21,22,28,56.521681,-1824.78756156,-6912.20924742,-379.717964564
2019,01,21,22,29,26.521681,-1807.31792456,-6901.22505516,-602.644842543
2019,01,21,22,29,56.521681,-1788.07941629,-6883.48644042,-824.980374814
2019,01,21,22,30,26.521681,-1767.09112655,-6859.01176762,-1046.50651556
2019,01,21,22,30,56.521681,-1744.37386767,-6827.82604936,-1267.00608752
2019,01,21,22,31,26.521681,-1719.95015233,-6789.96091637,-1486.26300028
2019,01,21,22,31,56.521681,-1693.84416955,-6745.45458022,-1704.06246711
2019,01,21,22,32,26.521681,-1666.08175888,-6694.35178925,-1920.19121988
2019,01,21,22,32,56.521681,-1636.69038301,-6636.70377752,-2134.43772194
2019,01,21,22,33,26.521681,-1605.69909864,-6572.56820708,-2346.59237865
2019,01,21,22,33,56.521681,-1573.13852573,-6502.00910354,-2556.44774539
2019,01,21,22,34,26.521681,-1539.04081527,-6425.09678515,-2763.79873261
2019,01,21,22,34,56.521681,-1503.43961544,-6341.9077855, -2968.44280803
